cval	intersection_length
10	1313
10	429
10	295
10	493
10	409
10	960
10	0
10	879
10	1121
10	841
10	352
10	2824
10	0
10	757
10	199
10	908
10	1390
10	1004
10	567
10	0
10	857
10	626
10	1876
10	2122
10	261
10	226
10	198
10	1183
10	71
10	1613
10	772
10	146
10	440
10	34
10	1574
10	924
10	2317
10	49
10	957
10	479
10	192
10	687
10	662
10	680
10	1414
10	606
10	1728
10	745
10	315
10	598
10	707
10	1195
10	339
10	494
10	442
10	569
10	402
10	323
10	401
10	313
10	280
10	547
10	1088
10	738
10	282
10	491
10	44
10	210
10	1177
10	754
10	521
10	1017
10	205
10	447
10	0
10	624
10	1200
10	541
10	606
10	214
10	546
10	325
10	1013
10	1081
10	560
10	1405
10	1624
10	443
10	966
10	414
10	170
10	398
10	39
10	60
10	1122
10	2010
10	100
10	391
10	486
10	306
10	350
10	0
10	666
10	691
10	604
10	606
10	215
10	472
10	1490
10	310
10	712
10	552
10	489
10	2037
10	2032
10	0
10	1220
10	362
10	318
10	850
10	339
10	678
10	639
10	595
10	318
10	313
10	605
10	472
10	320
10	293
10	431
10	2620
10	161
10	395
10	613
10	752
10	275
10	2118
10	790
10	361
10	306
10	635
10	0
10	1310
10	880
10	1213
10	1022
10	971
10	0
10	0
10	770
10	293
10	996
10	0
10	674
10	811
10	219
10	299
10	407
10	182
10	255
10	572
10	49
10	209
10	740
10	331
10	813
10	874
10	223
10	1769
10	819
10	794
10	332
10	434
10	630
10	1894
10	211
10	1065
10	1037
10	535
10	44
10	344
10	673
10	318
10	425
10	169
10	204
10	607
10	339
10	471
10	877
10	833
10	441
10	344
10	941
10	796
10	537
10	1039
10	1075
10	0
10	277
10	0
10	610
10	168
10	0
10	185
10	798
10	0
10	430
10	445
10	0
10	755
10	363
10	0
10	72
10	1124
10	251
10	476
10	350
10	1097
10	836
10	976
10	689
10	245
10	328
10	781
10	375
10	974
10	418
10	1130
10	1295
10	279
10	1823
10	909
10	0
10	266
10	711
10	283
10	242
10	1059
10	315
10	253
10	314
10	1446
10	989
10	1645
10	302
10	285
10	1390
10	725
10	0
10	1378
10	357
10	1308
10	1031
10	227
10	0
10	326
10	1128
10	179
10	631
10	1540
10	391
10	0
10	1193
10	0
10	1123
10	1295
10	397
10	1397
10	606
10	702
10	478
10	590
10	348
10	357
10	210
10	0
10	912
10	946
10	1008
10	350
10	450
10	366
10	0
10	462
10	829
10	0
10	1748
10	1030
10	668
10	473
10	689
10	376
10	585
10	534
10	410
10	0
10	529
10	387
10	1288
10	29
10	537
10	428
10	1188
10	357
10	1039
10	356
10	937
10	624
10	625
10	593
10	29
10	356
10	193
10	499
10	415
10	319
10	368
10	432
10	1434
10	335
10	541
10	421
10	2026
10	546
10	390
10	899
10	348
10	1692
10	689
10	1246
10	702
10	185
10	196
10	792
10	565
10	240
10	475
10	751
10	1657
10	617
10	1054
10	1256
10	685
10	380
10	1725
10	521
10	548
10	650
10	2079
10	0
10	666
10	1517
10	335
10	241
10	340
10	260
10	1702
10	692
10	209
10	319
10	1276
10	588
10	699
10	406
10	449
10	2353
10	30
10	966
10	647
10	605
10	462
10	56
10	158
10	353
10	199
10	608
10	830
10	374
10	450
10	520
10	180
10	296
10	587
10	46
10	445
10	263
10	253
10	346
10	740
10	341
10	747
10	1289
10	477
10	629
10	0
10	0
10	280
10	603
10	1055
10	552
10	634
10	681
10	421
10	797
10	980
10	528
10	507
10	415
10	484
10	323
10	866
10	616
10	992
10	0
10	903
10	627
10	308
10	669
10	1326
10	456
10	39
10	193
10	51
10	389
10	245
10	0
10	309
10	1285
10	387
10	415
10	213
10	0
10	1670
10	512
10	676
10	1425
10	790
10	341
10	1312
10	843
10	720
10	175
10	537
10	0
10	462
10	0
10	0
10	636
10	496
10	1017
10	1314
10	738
10	847
10	204
10	299
10	775
10	693
10	0
10	395
10	0
10	375
10	1793
10	0
10	713
10	886
10	289
10	1580
10	139
10	334
10	381
10	0
10	287
10	1032
10	837
10	248
10	516
10	0
10	472
10	73
10	425
10	363
10	202
10	347
10	1681
10	35
10	60
10	925
10	864
10	695
10	1206
10	880
10	54
10	885
10	162
10	176
10	341
10	67
10	461
10	541
10	1250
10	1058
10	539
10	524
10	47
10	693
10	896
10	177
10	520
10	0
10	1176
10	326
10	905
10	1175
10	912
10	269
10	185
10	222
10	481
10	228
10	521
10	698
10	474
10	1058
10	1665
10	1295
10	580
10	635
10	0
10	778
10	156
10	1252
10	264
10	599
10	503
10	1655
10	529
10	700
10	977
10	1168
10	179
10	0
10	466
10	354
10	425
10	353
10	434
10	635
10	59
10	576
10	1509
10	435
10	1487
10	223
10	251
10	281
10	372
10	794
10	850
10	273
10	927
10	767
10	287
10	1311
10	48
10	1126
10	244
10	259
10	0
10	0
10	279
10	0
10	449
10	582
10	160
10	1055
10	456
10	1775
10	944
10	289
10	380
10	158
10	404
10	358
10	243
10	2018
10	1010
10	649
10	1168
10	0
10	699
10	202
10	231
10	57
10	751
10	68
10	373
10	591
10	604
10	368
10	197
10	877
10	730
10	432
10	542
10	66
10	330
10	1028
10	372
10	338
10	769
10	1036
10	360
10	287
10	626
10	657
10	1094
10	0
10	0
10	579
10	293
10	212
10	279
10	312
10	405
10	256
10	235
10	1719
10	852
10	505
10	219
10	622
10	569
10	299
10	723
10	1158
10	853
10	946
10	645
10	456
10	852
10	495
10	0
10	645
10	849
10	475
10	2089
10	343
10	189
10	610
10	1172
10	473
10	237
10	336
10	43
10	538
10	1211
10	591
10	192
10	264
10	503
10	339
10	1238
10	705
10	462
10	406
10	1057
10	571
10	165
10	0
10	660
10	315
10	1278
10	264
10	356
10	0
10	501
10	343
10	0
10	805
10	543
10	435
10	529
10	1216
10	437
10	67
10	595
10	471
10	221
10	238
10	136
10	0
10	256
10	1426
10	63
10	218
10	427
10	564
10	213
10	611
10	529
10	123
10	982
10	1246
10	531
10	251
10	301
10	667
10	311
10	676
10	295
10	706
10	602
10	454
10	682
10	249
10	579
10	1013
10	29
10	273
10	0
10	1287
10	732
10	1021
10	456
10	50
10	2521
10	329
10	379
10	780
10	664
10	306
10	1406
10	886
10	540
10	743
10	1816
10	0
10	688
10	602
10	738
10	0
10	694
10	590
10	337
10	486
10	394
10	0
10	1183
10	278
10	1102
10	421
10	349
10	0
10	1026
10	1371
10	637
10	408
10	227
10	682
10	549
10	595
10	1138
10	1517
10	962
10	390
10	728
10	370
10	420
10	306
10	928
10	197
10	0
10	350
10	915
10	142
10	133
10	312
10	765
10	798
10	34
10	400
10	838
10	528
10	1047
10	768
10	323
10	503
10	1873
10	469
10	502
10	300
10	682
10	298
10	632
10	464
10	744
10	216
10	579
10	453
10	494
10	603
10	363
10	0
10	557
10	504
10	259
10	0
10	227
10	376
10	689
10	563
10	0
10	277
10	328
10	699
10	434
10	2364
10	841
10	1002
10	759
10	318
10	522
10	401
10	462
10	506
10	304
10	278
10	1761
10	315
10	1083
10	506
10	808
10	642
10	660
10	491
10	0
10	0
10	276
10	218
10	672
10	503
10	1167
10	197
10	206
10	201
10	0
10	299
10	255
10	0
10	56
10	496
10	249
10	785
10	509
10	775
10	341
10	1290
10	1754
10	430
10	2053
10	150
10	1305
10	1398
10	598
10	1148
10	798
10	1250
10	998
10	574
10	534
10	740
10	673
10	0
10	957
10	162
10	674
10	557
10	288
10	186
10	227
10	365
10	0
10	672
10	690
10	1272
10	324
10	1241
10	303
10	316
10	806
10	573
10	223
10	739
10	0
10	1768
10	646
10	583
10	2026
10	284
10	312
10	625
10	243
10	151
10	1186
10	56
10	739
10	1155
10	866
10	391
10	972
10	34
10	530
10	173
10	0
10	263
10	374
10	526
10	316
10	374
10	1070
10	1202
10	440
10	343
10	486
10	2223
10	213
10	2853
10	55
10	1224
10	320
10	159
10	1086
10	459
10	889
10	1071
10	373
10	709
10	410
10	0
10	239
10	293
10	1418
10	1136
10	186
10	2446
10	1042
10	377
10	1116
10	1399
10	497
10	294
10	718
10	1779
10	347
10	396
10	1119
10	1068
10	1074
10	574
10	337
10	524
10	346
10	0
10	0
10	1317
10	87
10	296
10	0
10	778
10	419
10	1190
10	444
10	604
10	680
10	468
10	355
10	973
10	623
10	636
10	151
10	690
10	237
10	0
10	336
10	1282
10	985
10	654
10	280
10	807
10	350
10	422
10	342
10	259
10	303
10	226
10	373
10	727
10	375
10	221
10	389
10	1270
10	407
10	0
10	409
10	881
10	107
10	322
10	154
10	675
10	859
10	430
10	587
10	581
10	724
10	135
10	0
10	516
10	612
10	0
10	925
10	159
10	120
10	472
10	1482
10	563
10	278
10	0
10	677
10	1328
10	353
10	649
10	759
10	263
10	520
10	286
10	288
10	231
10	0
10	248
10	0
10	278
10	483
10	811
10	893
10	430
10	691
10	487
10	716
10	534
10	762
10	127
10	214
10	1642
10	510
10	578
10	715
10	0
10	852
10	776
10	1159
10	428
10	1051
10	0
10	209
10	643
10	1540
10	670
10	0
10	344
10	398
10	248
10	0
10	664
10	696
10	711
10	757
10	654
10	553
10	701
10	324
10	47
10	147
10	0
10	27
10	653
10	1288
10	424
10	622
10	0
10	639
10	284
10	1206
10	948
10	345
10	680
10	1263
10	0
10	870
10	559
10	298
10	705
10	0
10	27
10	279
10	1079
10	903
10	616
10	235
10	487
10	564
10	900
10	1000
10	1106
10	342
10	1232
10	486
10	446
10	751
10	724
10	283
10	1205
10	496
10	763
10	441
10	754
10	829
10	1577
10	372
10	1838
10	482
10	1086
10	1850
10	219
10	752
10	0
10	401
10	234
10	0
10	367
10	822
10	0
10	292
10	331
10	655
10	193
10	0
10	612
10	160
10	385
10	1701
10	388
10	661
10	229
10	994
10	1434
10	705
10	1310
10	549
10	1185
10	172
10	976
10	562
10	453
10	201
10	1003
10	1207
10	378
10	1585
10	275
10	522
10	0
10	312
10	800
10	1025
10	0
10	274
10	867
10	1867
10	0
10	533
10	305
10	358
10	314
10	347
10	594
10	267
10	51
10	347
10	854
10	230
10	387
10	609
10	466
10	2138
10	445
10	2318
10	49
10	499
10	921
10	1241
10	486
10	320
10	166
10	228
10	828
10	352
10	620
10	1417
10	516
10	205
10	1209
10	694
10	840
10	657
10	957
10	656
10	1614
10	733
10	430
10	603
10	874
10	244
10	536
10	414
10	846
10	573
10	509
10	98
10	395
10	687
10	0
10	0
10	266
10	627
10	239
10	2199
10	238
10	831
10	975
10	651
10	688
10	395
10	437
10	276
10	1234
10	646
10	2033
10	769
10	333
10	276
10	1421
10	696
10	914
10	524
10	915
10	488
10	145
10	453
10	198
10	331
10	825
10	359
10	498
10	614
10	704
10	344
10	1366
10	666
10	1101
10	227
10	974
10	0
10	1838
10	0
10	636
10	745
10	1563
10	710
10	1389
10	300
10	1887
10	1301
10	212
10	583
10	212
10	216
10	1447
10	1589
10	2476
10	439
10	327
10	452
10	250
10	0
10	250
10	730
10	212
10	553
10	0
10	1187
10	75
10	47
10	620
10	356
10	1233
10	1938
10	475
10	954
10	826
10	207
10	350
10	728
10	0
10	506
10	287
10	587
10	356
10	672
10	555
10	342
10	1614
10	532
10	385
10	386
10	1607
10	1021
10	54
10	1697
10	836
10	880
10	486
10	190
10	1165
10	1243
10	0
10	0
10	322
10	111
10	330
10	401
10	1352
10	649
10	608
10	605
10	384
10	338
10	0
10	439
10	1103
10	270
10	1589
10	332
10	457
10	261
10	1762
10	584
10	771
10	1290
10	808
10	385
10	237
10	0
10	492
10	1249
10	901
10	350
10	242
10	450
10	331
10	46
10	633
10	1612
10	1305
10	710
10	1047
10	1301
10	1189
10	1636
10	294
10	889
10	549
10	1258
10	259
10	225
10	736
10	290
10	915
10	0
10	0
10	660
10	445
10	658
10	432
10	739
10	634
10	440
10	907
10	1021
10	1195
10	455
10	553
10	1014
10	596
10	360
10	733
10	423
10	0
10	736
10	562
10	549
10	983
10	810
10	727
10	1768
10	1311
10	453
10	147
10	34
10	1766
10	261
10	235
10	180
10	1537
10	216
10	846
10	47
10	2006
10	331
10	644
10	326
10	681
10	0
10	731
10	1151
10	133
10	524
10	548
10	287
10	560
10	412
10	48
10	59
10	905
10	885
10	192
10	512
10	1154
10	173
10	356
10	459
10	1146
10	254
10	317
10	186
10	2103
10	0
10	276
10	137
10	384
10	194
10	290
10	289
10	560
10	710
10	316
10	639
10	321
10	759
10	192
10	1039
10	529
10	0
10	328
10	238
10	1476
10	463
10	567
10	295
10	979
10	0
10	1002
10	325
10	258
10	415
10	202
10	1553
10	413
10	466
10	570
10	331
10	597
10	641
10	1126
10	600
10	0
10	536
10	712
10	841
10	730
10	447
10	189
10	467
10	54
10	637
10	43
10	0
10	345
10	0
10	188
10	0
10	34
10	570
10	290
10	452
10	297
10	753
10	2224
10	936
10	492
10	409
10	593
10	623
10	285
10	368
10	889
10	310
10	296
10	518
10	563
10	325
10	291
10	1422
10	1392
10	289
10	654
10	724
10	802
10	504
10	947
10	530
10	106
10	403
10	375
10	1292
10	371
10	435
10	809
10	244
10	763
10	138
10	228
10	627
10	944
10	526
10	415
10	902
10	214
10	426
10	162
10	643
10	267
10	241
10	674
10	176
10	453
10	1605
10	117
10	198
10	427
10	1043
10	462
10	222
10	416
10	397
10	288
10	646
10	225
10	807
10	551
10	195
10	551
10	255
10	340
10	2240
10	437
10	822
10	563
10	1156
10	415
10	640
10	420
10	68
10	189
10	533
10	683
10	0
10	274
10	657
10	326
10	1732
10	1143
10	277
10	0
10	438
10	357
10	263
10	214
10	989
10	592
10	396
10	1508
10	281
10	275
10	375
10	477
10	0
10	364
10	56
10	1281
10	622
10	519
10	1220
10	478
10	1219
10	146
10	349
10	486
10	308
10	396
10	432
10	476
10	800
10	0
10	425
10	940
10	347
10	1430
10	334
10	725
10	410
10	503
10	401
10	635
10	350
10	1992
10	501
10	251
10	1025
10	497
10	0
10	521
10	593
10	680
10	195
10	0
10	1077
10	1257
10	1378
10	1291
10	350
10	533
10	0
10	252
10	1722
10	599
10	591
10	268
10	309
10	196
10	265
10	300
10	288
10	196
10	599
10	741
10	2004
10	725
10	257
10	427
10	206
10	186
10	570
10	633
10	549
10	231
10	180
10	479
10	1124
10	645
10	459
10	652
10	359
10	2442
10	1034
10	1663
10	1362
10	1487
10	561
10	660
10	231
10	142
10	1407
10	1238
10	628
10	0
10	285
10	1255
10	555
10	1617
10	847
10	332
10	689
10	1280
10	582
10	212
10	185
10	176
10	524
10	643
10	1182
10	0
10	405
10	1270
10	211
10	339
10	760
10	1371
10	404
10	774
10	0
10	438
10	0
10	534
10	161
10	566
10	233
10	1088
10	1336
10	495
10	227
10	857
10	508
10	1274
10	310
10	211
10	2160
10	137
10	403
10	553
10	0
10	316
10	285
10	308
10	1407
10	264
10	122
10	739
10	329
10	1188
10	932
10	865
10	434
10	274
10	411
10	768
10	534
10	721
10	278
10	535
10	643
10	1056
10	868
10	592
10	834
10	783
10	373
10	1133
10	0
10	467
10	287
10	528
10	441
10	433
10	207
10	575
10	1378
10	0
10	347
10	33
10	773
10	232
10	858
10	219
10	610
10	1564
10	550
10	434
10	183
10	1768
10	1433
10	51
10	681
10	325
10	216
10	357
10	957
10	470
10	523
10	0
10	806
10	290
10	722
10	1193
10	739
10	943
10	392
10	178
10	430
10	450
10	462
10	0
10	0
10	41
10	196
10	0
10	286
10	282
10	332
10	475
10	554
10	773
10	634
10	0
10	0
10	505
10	998
10	1173
10	921
10	440
10	851
10	1173
10	429
10	233
10	1257
10	208
10	0
10	1006
10	426
10	193
10	336
10	0
10	909
10	765
10	479
10	301
10	1644
10	532
10	55
10	304
10	1206
10	394
10	759
10	858
10	57
10	38
10	176
10	924
10	46
10	0
10	607
10	260
10	799
10	597
10	374
10	247
10	515
10	549
10	450
10	888
10	1209
10	1049
10	539
10	677
10	185
10	460
10	293
10	230
10	0
10	1542
10	597
10	263
10	823
10	342
10	1033
10	0
10	0
10	276
10	988
10	324
10	475
10	739
10	1133
10	282
10	466
10	325
10	269
10	969
10	1186
10	28
10	590
10	0
10	1648
10	197
10	321
10	1252
10	558
10	0
10	507
10	1955
10	296
10	360
10	1731
10	959
10	438
10	1171
10	627
10	776
10	369
10	399
10	955
10	45
10	1770
10	390
10	936
10	1161
10	1061
10	636
10	410
10	724
10	170
10	328
10	246
10	312
10	0
10	390
10	610
10	1414
10	0
10	1319
10	308
10	569
10	431
10	452
10	314
10	355
10	1102
10	466
10	366
10	0
10	0
10	262
10	612
10	263
10	0
10	1361
10	825
10	277
10	631
10	267
10	41
10	357
10	0
10	0
10	723
10	1034
10	739
10	457
10	627
10	207
10	439
10	661
10	446
10	722
10	1079
10	974
10	545
10	557
10	0
10	1172
10	218
10	0
10	514
10	46
10	443
10	407
10	3066
10	409
10	159
10	311
10	1054
10	504
10	491
10	924
10	519
10	984
10	772
10	901
10	465
10	1754
10	258
10	992
10	1048
10	1451
10	227
10	201
10	1092
10	1837
10	836
10	1052
10	504
10	623
10	242
10	2399
10	478
10	1588
10	1154
10	933
10	387
10	489
10	756
10	1043
10	1074
10	642
10	471
10	294
10	696
10	221
10	613
10	262
10	230
10	1880
10	45
10	447
10	358
10	296
10	588
10	566
10	1229
10	625
10	1147
10	143
10	222
10	357
10	378
10	2022
10	0
10	1063
10	200
10	343
10	153
10	686
10	400
10	949
10	1286
10	170
10	2348
10	0
10	83
10	455
10	1004
10	672
10	368
10	153
10	376
10	693
10	704
10	686
10	0
10	1343
10	732
10	291
10	0
10	304
10	2540
10	451
10	1065
10	377
10	379
10	445
10	337
10	1503
10	716
10	145
10	921
10	0
10	371
10	917
10	583
10	733
10	538
10	868
10	590
10	719
10	544
10	1467
10	1657
10	258
10	650
10	1000
10	256
10	470
10	969
10	989
10	408
10	1004
10	278
10	201
10	268
10	458
10	440
10	264
10	161
10	611
10	580
10	864
10	529
10	397
10	450
10	733
10	280
10	279
10	249
10	345
10	531
10	416
10	510
10	1233
10	672
10	1123
10	487
10	58
10	505
10	0
10	205
10	1039
10	0
10	706
10	873
10	661
10	40
10	468
10	886
10	662
10	345
10	722
10	302
10	223
10	815
10	324
10	135
10	704
10	431
10	674
10	851
10	1268
10	676
10	0
10	1017
10	619
10	710
10	733
10	1299
10	954
10	214
10	991
10	411
10	827
10	895
10	1035
10	254
10	650
10	161
10	734
10	252
10	730
10	474
10	260
10	331
10	632
10	1078
10	903
10	801
10	244
10	288
10	633
10	0
10	310
10	181
10	259
10	669
10	1071
10	1559
10	758
10	200
10	660
10	901
10	188
10	256
10	844
10	666
10	44
10	675
10	881
10	471
10	177
10	185
10	0
10	646
10	1098
10	673
10	159
10	696
10	38
10	1274
10	797
10	533
10	0
10	759
10	362
10	918
10	1046
10	688
10	356
10	2094
10	2122
10	610
10	0
10	555
10	322
10	542
10	0
10	519
10	195
10	885
10	777
10	50
10	0
10	902
10	673
10	354
10	674
10	790
10	487
10	348
10	147
10	222
10	53
10	644
10	670
10	758
10	527
10	1908
10	472
10	474
10	0
10	1838
10	578
10	39
10	910
10	0
10	432
10	314
10	230
10	240
10	557
10	502
10	460
10	230
10	269
10	286
10	832
10	0
10	360
10	1567
10	311
10	1384
10	439
10	412
10	623
10	1212
10	501
10	1329
10	370
10	250
10	390
10	364
10	310
10	661
10	529
10	3129
10	1173
10	764
10	388
10	0
10	547
10	647
10	888
10	837
10	356
10	224
10	390
10	615
10	755
10	448
10	675
10	269
10	1055
10	216
10	300
10	184
10	252
10	563
10	953
10	799
10	783
10	138
10	654
10	0
10	0
10	614
10	485
10	38
10	214
10	752
10	385
10	671
10	985
10	458
10	336
10	0
10	1360
10	2125
10	993
10	1208
10	294
10	655
10	0
10	325
10	623
10	688
10	281
10	402
10	342
10	593
10	818
10	348
10	166
10	809
10	0
10	2226
10	955
10	1031
10	569
10	258
10	76
10	0
10	407
10	0
10	300
10	258
10	36
10	1571
10	459
10	2626
10	1290
10	299
10	0
10	311
10	219
10	343
10	458
10	0
10	874
10	0
10	761
10	245
10	487
10	319
10	120
10	621
10	973
10	192
10	1077
10	358
10	1028
10	1224
10	49
10	637
10	768
10	481
10	0
10	206
10	0
10	585
10	829
10	174
10	61
10	834
10	616
10	1286
10	851
10	781
10	497
10	582
10	169
10	359
10	1670
10	405
10	991
10	667
10	1293
10	327
10	325
10	0
10	1304
10	0
10	894
10	220
10	474
10	0
10	265
10	899
10	181
10	448
10	290
10	196
10	253
10	413
10	270
10	1363
10	0
10	524
10	241
10	854
10	0
10	310
10	811
10	114
10	497
10	353
10	1002
10	750
10	361
10	605
10	771
10	1551
10	400
10	545
10	210
10	807
10	509
10	0
10	346
10	0
10	785
10	696
10	874
10	265
10	0
10	526
10	1724
10	180
10	269
10	1094
10	1741
10	1731
10	631
10	913
10	228
10	103
10	902
10	226
10	385
10	301
10	725
10	162
10	2815
10	1152
10	911
10	318
10	294
10	713
10	417
10	411
10	1660
10	699
10	683
10	264
10	252
10	351
10	0
10	1133
10	500
10	647
10	201
10	364
10	0
10	773
10	650
10	246
10	255
10	473
10	722
10	160
10	465
10	479
10	194
10	284
10	0
10	474
10	393
10	150
10	883
10	207
10	830
10	63
10	764
10	0
10	161
10	521
10	661
10	193
10	406
10	551
10	1663
10	413
10	1568
10	747
10	1315
10	284
10	754
10	1602
10	1106
10	602
10	716
10	395
10	0
10	1684
10	568
10	0
10	777
10	66
10	237
10	734
10	662
10	253
10	1749
10	956
10	981
10	712
10	0
10	1437
10	0
10	865
10	1383
10	868
10	351
10	352
10	240
10	337
10	0
10	774
10	498
10	277
10	1489
10	241
10	257
10	294
10	983
10	458
10	111
10	278
10	241
10	668
10	289
10	896
10	603
10	1255
10	624
10	847
10	73
10	497
10	710
10	986
10	223
10	1917
10	288
10	1555
10	401
10	392
10	813
10	1110
10	1835
10	682
10	1519
10	139
10	219
10	1565
10	915
10	581
10	553
10	66
10	440
10	499
10	0
10	308
10	0
10	258
10	617
10	541
10	566
10	473
10	730
10	198
10	1997
10	157
10	176
10	798
10	553
10	380
10	2053
10	707
10	1052
10	457
10	656
10	456
10	1257
10	325
10	577
10	246
10	394
10	655
10	677
10	1321
10	352
10	252
10	156
10	584
10	1030
10	469
10	322
10	271
10	448
10	0
10	327
10	1006
10	413
10	767
10	556
10	426
10	0
10	1268
10	66
10	322
10	0
10	228
10	484
10	51
10	1396
10	243
10	274
10	1549
10	1907
10	302
10	339
10	638
10	432
10	0
10	688
10	734
10	809
10	1180
10	367
10	473
10	1536
10	465
10	254
10	599
10	840
10	758
10	1039
10	960
10	376
10	411
10	348
10	372
10	355
10	259
10	426
10	1605
10	1243
10	851
10	1417
10	1157
10	0
10	246
10	1374
10	141
10	455
10	291
10	264
10	701
10	867
10	1096
10	707
10	744
10	253
10	743
10	443
10	606
10	757
10	1138
10	334
10	570
10	449
10	470
10	273
10	221
10	228
10	426
10	225
10	919
10	197
10	350
10	280
10	1460
10	608
10	395
10	430
10	366
10	523
10	934
10	863
10	405
10	1002
10	650
10	612
10	667
10	705
10	453
10	405
10	1653
10	695
10	388
10	671
10	3281
10	293
10	644
10	2279
10	68
10	383
10	245
10	267
10	207
10	1405
10	709
10	753
10	1048
10	932
10	791
10	931
10	334
10	484
10	1047
10	555
10	874
10	574
10	1613
10	1210
10	0
10	0
10	48
10	434
10	1279
10	656
10	477
10	383
10	185
10	455
10	323
10	1214
10	230
10	969
10	241
10	371
10	764
10	152
10	441
10	314
10	1799
10	63
10	856
10	638
10	355
10	739
10	450
10	2472
10	400
10	1029
10	579
10	2597
10	683
10	153
10	1133
10	863
10	385
10	1429
10	450
10	0
10	324
10	643
10	387
10	728
10	147
10	988
10	1156
10	298
10	411
10	441
10	74
10	1182
10	224
10	420
10	432
10	445
10	984
10	367
10	1098
10	0
10	2088
10	434
10	0
10	506
10	0
10	322
10	215
10	597
10	521
10	309
10	256
10	539
10	583
10	451
10	51
10	619
10	731
10	285
10	305
10	736
10	512
10	795
10	232
10	816
10	0
10	327
10	507
10	336
10	658
10	943
10	0
10	580
10	298
10	370
10	394
10	243
10	374
10	694
10	362
10	960
10	1389
10	160
10	317
10	654
10	555
10	1131
10	352
10	299
10	1566
10	235
10	1420
10	1142
10	581
10	662
10	908
10	0
10	688
10	0
10	363
10	413
10	0
10	614
10	726
10	745
10	308
10	537
10	950
10	275
10	287
10	542
10	230
10	732
10	0
10	515
10	0
10	522
10	493
10	919
10	460
10	0
10	616
10	0
10	923
10	2007
10	350
10	0
10	499
10	1825
10	353
10	1539
10	363
10	208
10	315
10	634
10	2639
10	1157
10	1425
10	401
10	574
10	308
10	629
10	590
10	0
10	480
10	217
10	1808
10	257
10	1158
10	579
10	255
10	852
10	0
10	228
10	560
10	0
10	76
10	873
10	1621
10	802
10	1104
10	1057
10	495
10	669
10	1765
10	328
10	466
10	997
10	693
10	268
10	657
10	552
10	637
10	48
10	667
10	607
10	0
10	1484
10	650
10	433
10	342
10	980
10	54
10	200
10	606
10	584
10	469
10	41
10	2308
10	2682
10	457
10	629
10	371
10	0
10	1082
10	373
10	453
10	350
10	0
10	222
10	359
10	423
10	416
10	609
10	424
10	0
10	461
10	378
10	604
10	983
10	324
10	233
10	1450
10	435
10	1280
10	410
10	1273
10	752
10	548
10	576
10	390
10	433
10	721
10	1002
10	327
10	1791
10	0
10	443
10	70
10	434
10	337
10	257
10	1027
10	350
10	224
10	213
10	192
10	464
10	620
10	773
10	288
10	830
10	192
10	494
10	524
10	893
10	545
10	504
10	575
10	0
10	190
10	1051
10	1419
10	898
10	0
10	862
10	0
10	1218
10	551
10	692
10	518
10	290
10	575
10	530
10	658
10	1044
10	1164
10	1531
10	44
10	525
10	369
10	469
10	268
10	186
10	409
10	2104
10	490
10	436
10	1518
10	361
10	771
10	1037
10	1503
10	1108
10	1892
10	908
10	946
10	376
10	0
10	463
10	445
10	707
10	827
10	0
10	188
10	504
10	608
10	842
10	1348
10	0
10	1016
10	1307
10	923
10	411
10	0
10	285
10	382
10	814
10	873
10	342
10	360
10	489
10	205
10	1118
10	239
10	252
10	859
10	312
10	478
10	263
10	0
10	603
10	348
10	561
10	1125
10	660
10	269
10	583
10	0
10	575
10	299
10	752
10	660
10	973
10	484
10	0
10	351
10	396
10	468
10	395
10	1171
10	234
10	687
10	489
10	1919
10	202
10	1722
10	363
10	1291
10	0
10	1631
10	154
10	394
10	482
10	383
10	0
10	198
10	399
10	480
10	704
10	2118
10	248
10	1191
10	0
10	537
10	668
10	402
10	423
10	82
10	273
10	0
10	930
10	238
10	501
10	111
10	1801
10	394
10	289
10	316
10	2803
10	567
10	211
10	1499
10	1028
10	1913
10	217
10	297
10	570
10	65
10	482
10	234
10	1054
10	985
10	485
10	288
10	728
10	1100
10	315
10	70
10	1121
10	319
10	1974
10	68
10	487
10	1152
10	181
10	359
10	537
10	214
10	260
10	132
10	451
10	475
10	29
10	284
10	272
10	1382
10	0
10	1055
10	190
10	240
10	1608
10	796
10	0
10	396
10	1976
10	462
10	339
10	0
10	1222
10	345
10	426
10	343
10	295
10	904
10	808
10	769
10	1129
10	494
10	642
10	594
10	705
10	1154
10	799
10	259
10	27
10	29
10	1271
10	448
10	380
10	1363
10	600
10	333
10	252
10	351
10	185
10	201
10	483
10	493
10	516
10	676
10	953
10	1395
10	929
10	682
10	1047
10	311
10	271
10	570
10	853
10	748
10	640
10	260
10	801
10	187
10	234
10	180
10	934
10	437
10	547
10	1496
10	905
10	354
10	283
10	612
10	205
10	218
10	336
10	290
10	254
10	711
10	1939
10	678
10	526
10	0
10	177
10	1288
10	1653
10	900
10	553
10	193
10	1067
10	791
10	745
10	980
10	363
10	391
10	160
10	171
10	465
10	1385
10	229
10	580
10	794
10	699
10	235
10	568
10	0
10	253
10	964
10	552
10	187
10	155
10	279
10	0
10	653
10	859
10	946
10	832
10	863
10	577
10	75
10	29
10	410
10	363
10	663
10	489
10	0
10	208
10	622
10	461
10	0
10	658
10	925
10	628
10	991
10	261
10	724
10	345
10	0
10	874
10	411
10	390
10	718
10	1327
10	619
10	870
10	609
10	0
10	747
10	640
10	1222
10	495
10	217
10	0
10	311
10	199
10	602
10	285
10	347
10	48
10	47
10	1087
10	874
10	358
10	521
10	197
10	600
10	234
10	924
10	1552
10	576
10	0
10	901
10	1107
10	783
10	416
10	551
10	240
10	342
10	1235
10	709
10	624
10	615
10	318
10	913
10	1100
10	408
10	923
10	597
10	1201
10	709
10	443
10	719
10	999
10	383
10	1046
10	49
10	255
10	784
10	209
10	240
10	422
10	516
10	307
10	149
10	811
10	659
10	387
10	574
10	240
10	1115
10	661
10	614
10	688
10	816
10	395
10	373
10	46
10	0
10	409
10	863
10	335
10	505
10	409
10	714
10	683
10	0
10	1409
10	0
10	476
10	1093
10	432
10	753
10	844
10	805
10	532
10	340
10	265
10	420
10	460
10	433
10	635
10	313
10	196
10	0
10	876
10	803
10	474
10	280
10	433
10	1476
10	278
10	1741
10	770
10	474
10	0
10	0
10	339
10	431
10	353
10	123
10	282
10	1182
10	273
10	866
10	502
10	1059
10	367
10	453
10	0
10	455
10	278
10	447
10	217
10	388
10	471
10	420
10	1390
10	1016
10	874
10	1612
10	562
10	662
10	342
10	744
10	217
10	504
10	125
10	289
10	260
10	607
10	1323
10	1047
10	503
10	675
10	344
10	309
10	238
10	413
10	2137
10	521
10	458
10	587
10	2362
10	273
10	832
10	0
10	1649
10	512
10	543
10	0
10	441
10	1147
10	363
10	513
10	434
10	314
10	350
10	1458
10	1394
10	527
10	923
10	0
10	275
10	964
10	686
10	791
10	36
10	1263
10	1338
10	0
10	787
10	613
10	681
10	160
10	2615
10	567
10	501
10	378
10	1469
10	478
10	896
10	916
10	51
10	1095
10	884
10	50
10	648
10	672
10	277
10	352
10	971
10	829
10	451
10	262
10	590
10	188
10	618
10	963
10	272
10	339
10	333
10	182
10	868
10	572
10	1025
10	526
10	0
10	218
10	498
10	274
10	0
10	0
10	2044
10	807
10	0
10	460
10	1924
10	929
10	610
10	711
10	593
10	0
10	0
10	570
10	526
10	771
10	1306
10	825
10	620
10	483
10	363
10	831
10	520
10	427
10	527
10	244
10	618
10	1747
10	256
10	237
10	165
10	614
10	212
10	296
10	391
10	343
10	1301
10	316
10	555
10	753
10	690
10	361
10	307
10	307
10	707
10	890
10	513
10	455
10	1261
10	487
10	1119
10	130
10	316
10	1161
10	370
10	0
10	1219
10	187
10	570
10	911
10	963
10	767
10	375
10	605
10	645
10	1145
10	1648
10	1157
10	396
10	960
10	665
10	0
10	0
10	0
10	1543
10	130
10	666
10	555
10	591
10	679
10	224
10	264
10	714
10	300
10	2329
10	293
10	1015
10	394
10	365
10	3071
10	165
10	889
10	203
10	297
10	355
10	258
10	1377
10	220
10	377
10	900
10	208
10	1661
10	1786
10	978
10	810
10	530
10	1466
10	1088
10	917
10	535
10	1372
10	350
10	446
10	315
10	224
10	149
10	672
10	45
10	246
10	0
10	1249
10	156
10	402
10	865
10	228
10	271
10	465
10	408
10	195
10	654
10	290
10	995
10	378
10	2154
10	686
10	609
10	371
10	233
10	150
10	312
10	732
10	0
10	928
10	361
10	423
10	609
10	1263
10	115
10	0
10	418
10	272
10	136
10	170
10	377
10	209
10	766
10	453
10	371
10	110
10	230
10	933
10	892
10	181
10	368
10	496
10	721
10	523
10	721
10	209
10	496
10	582
10	644
10	1805
10	246
10	29
10	322
10	544
10	139
10	616
10	52
10	905
10	356
10	370
10	364
10	49
10	41
10	211
10	154
10	328
10	1033
10	365
10	339
10	1058
10	256
10	935
10	605
10	142
10	172
10	0
10	274
10	0
10	2545
10	772
10	170
10	718
10	601
10	1215
10	357
10	0
10	0
10	0
10	1470
10	792
10	546
10	409
10	526
10	189
10	0
10	548
10	488
10	1056
10	769
10	422
10	423
10	1162
10	687
10	1143
10	296
10	228
10	526
10	798
10	1136
10	639
10	107
10	48
10	199
10	243
10	452
10	837
10	985
10	243
10	1259
10	1011
10	401
10	1504
10	442
10	970
10	403
10	911
10	275
10	1265
10	665
10	1639
10	734
10	0
10	364
10	1296
10	238
10	795
10	550
10	509
10	248
10	607
10	763
10	0
10	302
10	56
10	0
10	405
10	287
10	1151
10	0
10	276
10	571
10	498
10	961
10	920
10	649
10	204
10	1379
10	363
10	1944
10	1190
10	266
10	1267
10	123
10	496
10	291
10	311
10	781
10	151
10	33
10	928
10	1654
10	623
10	605
10	0
10	464
10	367
10	358
10	727
10	224
10	603
10	453
10	764
10	147
10	791
10	0
10	484
10	582
10	576
10	224
10	900
10	430
10	993
10	296
10	1047
10	1083
10	739
10	267
10	351
10	653
10	1234
10	738
10	324
10	571
10	417
10	1524
10	450
10	1766
10	309
10	313
10	481
10	525
10	652
10	570
10	843
10	1541
10	644
10	213
10	162
10	192
10	870
10	148
10	697
10	238
10	0
10	0
10	399
10	458
10	305
10	191
10	412
10	286
10	561
10	264
10	357
10	1394
10	574
10	100
10	608
10	1243
10	1229
10	582
10	1174
10	449
10	591
10	271
10	337
10	1307
10	588
10	618
10	598
10	471
10	1629
10	287
10	525
10	52
10	697
10	2122
10	808
10	387
10	326
10	1847
10	680
10	292
10	839
10	1105
10	338
10	574
10	0
10	288
10	1591
10	228
10	597
10	343
10	268
10	699
10	785
10	246
10	698
10	598
10	732
10	0
10	342
10	1797
10	992
10	363
10	981
10	142
10	1517
10	198
10	1502
10	326
10	174
10	893
10	393
10	673
10	744
10	1327
10	0
10	896
10	336
10	379
10	399
10	249
10	876
10	230
10	2362
10	338
10	756
10	0
10	936
10	187
10	694
10	636
10	1063
10	0
10	285
10	1411
10	316
10	476
10	584
10	619
10	1605
10	1873
10	1237
10	733
10	49
10	337
10	658
10	745
10	368
10	1063
10	47
10	0
10	0
10	230
10	829
10	914
10	105
10	279
10	575
10	399
10	359
10	355
10	335
10	723
10	1000
10	995
10	886
10	162
10	569
10	1012
10	289
10	678
10	1463
10	319
10	706
10	606
10	527
10	597
10	612
10	1148
10	704
10	415
10	513
10	142
10	417
10	1263
10	939
10	163
10	0
10	826
10	1121
10	653
10	653
10	175
10	492
10	50
10	350
10	741
10	381
10	1543
10	648
10	236
10	967
10	932
10	68
10	766
10	1498
10	488
10	210
10	667
10	314
10	247
10	398
10	653
10	819
10	459
10	670
10	404
10	761
10	664
10	0
10	663
10	145
10	371
10	201
10	258
10	281
10	1204
10	777
10	692
10	314
10	489
10	1606
10	865
10	1127
10	906
10	317
10	490
10	750
10	352
10	595
10	335
10	528
10	637
10	862
10	492
10	829
10	767
10	269
10	873
10	279
10	995
10	332
10	186
10	1532
10	337
10	665
10	827
10	997
10	751
10	1626
10	1384
10	381
10	0
10	575
10	398
10	370
10	474
10	1916
10	1578
10	186
10	1096
10	1211
10	160
10	401
10	924
10	908
10	436
10	397
10	667
10	307
10	784
10	962
10	208
10	261
10	1331
10	624
10	1239
10	579
10	1716
10	482
10	197
10	50
10	362
10	0
10	331
10	1211
10	387
10	1194
10	376
10	1042
10	312
10	382
10	767
10	460
10	1129
10	855
10	1764
10	908
10	191
10	408
10	241
10	804
10	383
10	715
10	539
10	314
10	0
10	297
10	676
10	879
10	51
10	305
10	404
10	433
10	400
10	356
10	360
10	272
10	149
10	362
10	67
10	1511
10	189
10	0
10	222
10	456
10	650
10	739
10	52
10	2057
10	486
10	1063
10	851
10	284
10	215
10	1498
10	1256
10	212
10	1903
10	961
10	728
10	548
10	463
10	2426
10	2003
10	582
10	434
10	872
10	349
10	560
10	45
10	563
10	538
10	813
10	286
10	375
10	544
10	217
10	976
10	321
10	1008
10	494
10	254
10	388
10	0
10	2658
10	77
10	73
10	676
10	477
10	0
10	289
10	0
10	405
10	855
10	495
10	526
10	0
10	0
10	244
10	527
10	1355
10	842
10	290
10	435
10	162
10	97
10	242
10	665
10	318
10	1555
10	893
10	749
10	231
10	498
10	0
10	462
10	0
10	429
10	352
10	606
10	1627
10	530
10	619
10	451
10	556
10	733
10	212
10	510
10	297
10	201
10	155
10	1210
10	531
10	1321
10	1145
10	205
10	336
10	1179
10	0
10	974
10	715
10	655
10	294
10	482
10	95
10	372
10	1210
10	1948
10	0
10	1474
10	918
10	439
10	831
10	794
10	831
10	285
10	892
10	473
10	1007
10	210
10	1158
10	368
10	420
10	444
10	370
10	30
10	587
10	402
10	331
10	322
10	0
10	1948
10	649
10	173
10	515
10	333
10	1035
10	777
10	0
10	920
10	0
10	779
10	815
10	172
10	377
10	321
10	601
10	291
10	307
10	692
10	337
10	533
10	440
10	190
10	0
10	522
10	1125
10	822
10	899
10	687
10	1422
10	292
10	288
10	601
10	644
10	903
10	856
10	362
10	722
10	832
10	315
10	758
10	56
10	1714
10	43
10	361
10	1072
10	655
10	897
10	731
10	552
10	1618
10	754
10	245
10	425
10	1510
10	801
10	242
10	395
10	836
10	191
10	757
10	409
10	1161
10	1189
10	442
10	963
10	203
10	421
10	153
10	206
10	228
10	362
10	291
10	402
10	406
10	600
10	334
10	414
10	1344
10	402
10	33
10	683
10	427
10	0
10	248
10	301
10	282
10	410
10	848
10	368
10	1130
10	535
10	232
10	653
10	501
10	652
10	382
10	1431
10	495
10	753
10	1361
10	500
10	730
10	1396
10	273
10	453
10	893
10	1105
10	1151
10	404
10	0
10	1008
10	519
10	559
10	365
10	1006
10	0
10	123
10	506
10	785
10	555
10	198
10	0
10	821
10	589
10	0
10	507
10	770
10	316
10	904
10	297
10	1585
10	606
10	1100
10	145
10	743
10	238
10	0
10	327
10	364
10	1199
10	710
10	152
10	358
10	1478
10	1109
10	0
10	0
10	1621
10	236
10	646
10	960
10	0
10	550
10	56
10	269
10	992
10	104
10	310
10	206
10	1021
10	0
10	733
10	908
10	1451
10	672
10	1420
10	517
10	365
10	835
10	426
10	179
10	610
10	0
10	0
10	765
10	834
10	384
10	350
10	335
10	835
10	0
10	972
10	630
10	157
10	678
10	503
10	1507
10	388
10	467
10	601
10	826
10	436
10	304
10	573
10	779
10	176
10	843
10	540
10	0
10	0
10	380
10	2026
10	384
10	358
10	662
10	102
10	983
10	733
10	1501
10	528
10	1217
10	55
10	193
10	162
10	879
10	146
10	536
10	1142
10	648
10	683
10	672
10	772
10	382
10	943
10	0
10	250
10	381
10	1001
10	701
10	437
10	734
10	335
10	926
10	272
10	252
10	0
10	697
10	1075
10	731
10	295
10	102
10	349
10	465
10	906
10	561
10	366
10	926
10	400
10	160
10	525
10	1282
10	510
10	244
10	414
10	396
10	730
10	173
10	223
10	55
10	428
10	1733
10	34
10	559
10	165
10	368
10	326
10	357
10	0
10	309
10	326
10	203
10	1390
10	332
10	0
10	958
10	1084
10	595
10	416
10	602
10	724
10	0
10	51
10	235
10	282
10	283
10	845
10	166
10	45
10	0
10	933
10	418
10	477
10	573
10	704
10	552
10	863
10	535
10	0
10	573
10	0
10	623
10	785
10	546
10	424
10	821
10	1588
10	510
10	388
10	496
10	865
10	0
10	523
10	225
10	588
10	486
10	1116
10	306
10	468
10	259
10	727
10	283
10	460
10	979
10	435
10	432
10	1354
10	640
10	524
10	669
10	334
10	1013
10	372
10	535
10	236
10	1769
10	417
10	537
10	298
10	393
10	164
10	441
10	426
10	335
10	1082
10	900
10	1523
10	667
10	663
10	556
10	559
10	671
10	247
10	304
10	763
10	594
10	690
10	453
10	321
10	151
10	319
10	371
10	367
10	2533
10	310
10	989
10	567
10	509
10	406
10	1035
10	322
10	2365
10	274
10	0
10	1973
10	616
10	1134
10	385
10	243
10	783
10	483
10	570
10	161
10	404
10	767
10	221
10	962
10	144
10	740
10	488
10	313
10	654
10	354
10	636
10	690
10	0
10	943
10	1168
10	1548
10	140
10	460
10	774
10	270
10	270
10	295
10	330
10	663
10	119
10	1095
10	0
10	0
10	645
10	1060
10	408
10	878
10	377
10	256
10	440
10	577
10	1071
10	1331
10	1653
10	0
10	205
10	97
10	0
10	423
10	201
10	519
10	1042
10	632
10	0
10	607
10	704
10	0
10	203
10	0
10	187
10	364
10	654
10	280
10	224
10	477
10	1207
10	329
10	794
10	995
10	609
10	590
10	0
10	0
10	696
10	1440
10	250
10	126
10	808
10	376
10	800
10	823
10	306
10	485
10	187
10	1293
10	867
10	614
10	0
10	520
10	0
10	917
10	732
10	1561
10	310
10	336
10	334
10	161
10	204
10	2023
10	782
10	536
10	0
10	367
10	958
10	881
10	2201
10	640
10	376
10	842
10	459
10	725
10	567
10	222
10	471
10	1512
10	1079
10	1929
10	128
10	0
10	0
10	492
10	891
10	1070
10	944
10	490
10	355
10	499
10	816
10	415
10	338
10	0
10	564
10	661
10	212
10	698
10	522
10	452
10	0
10	703
10	290
10	842
10	1187
10	400
10	736
10	517
10	0
10	297
10	225
10	1251
10	865
10	205
10	211
10	0
10	194
10	608
10	1671
10	661
10	224
10	406
10	179
10	0
10	933
10	281
10	817
10	192
10	447
10	551
10	183
10	827
10	1167
10	283
10	1036
10	1601
10	0
10	206
10	655
10	29
10	1247
10	1693
10	350
10	1591
10	336
10	1996
10	75
10	517
10	310
10	243
10	424
10	298
10	654
10	451
10	371
10	750
10	876
10	544
10	431
10	238
10	446
10	510
10	925
10	745
10	403
10	0
10	812
10	708
10	231
10	1352
10	423
10	771
10	667
10	717
10	0
10	291
10	152
10	415
10	276
10	392
10	853
10	448
10	597
10	437
10	861
10	871
10	482
10	580
10	842
10	481
10	579
10	492
10	897
10	411
10	487
10	898
10	411
10	726
10	371
10	703
10	1025
10	0
10	299
10	1349
10	502
10	678
10	529
10	625
10	813
10	469
10	632
10	655
10	252
10	540
10	417
10	71
10	949
10	365
10	692
10	1193
10	1278
10	885
10	1370
10	1279
10	146
10	1914
10	581
10	315
10	1142
10	1843
10	782
10	0
10	1045
10	297
10	383
10	480
10	544
10	516
10	681
10	538
10	271
10	1015
10	328
10	399
10	274
10	605
10	964
10	1121
10	2708
10	1061
10	749
10	515
10	304
10	61
10	303
10	0
10	908
10	453
10	366
10	498
10	539
10	425
10	0
10	473
10	1332
10	0
10	641
10	1101
10	341
10	385
10	638
10	354
10	204
10	550
10	1524
10	0
10	480
10	351
10	408
10	548
10	265
10	816
10	926
10	338
10	763
10	493
10	294
10	0
10	564
10	876
10	260
10	567
10	2421
10	1425
10	255
10	369
10	435
10	208
10	1514
10	483
10	1524
10	910
10	492
10	268
10	718
10	414
10	308
10	544
10	594
10	646
10	1739
10	679
10	373
10	321
10	0
10	471
10	539
10	1790
10	144
10	1007
10	877
10	1173
10	329
10	0
10	0
10	702
10	410
10	1306
10	0
10	1090
10	769
10	694
10	1771
10	970
10	645
10	254
10	1021
10	369
10	452
10	708
10	564
10	144
10	0
10	645
10	774
10	0
10	450
10	265
10	869
10	2259
10	0
10	184
10	1050
10	1087
10	1935
10	407
10	407
10	562
10	390
10	289
10	388
10	689
10	34
10	311
10	165
10	286
10	720
10	601
10	798
10	690
10	584
10	1762
10	1157
10	281
10	343
10	1410
10	172
10	476
10	714
10	270
10	224
10	208
10	381
10	1132
10	0
10	726
10	776
10	386
10	687
10	28
10	328
10	962
10	122
10	896
10	235
10	965
10	850
10	398
10	1486
10	701
10	627
10	2691
10	353
10	663
10	565
10	293
10	1266
10	1897
10	1292
10	574
10	713
10	248
10	915
10	196
10	378
10	0
10	230
10	576
10	200
10	235
10	703
10	392
10	608
10	748
10	1751
10	1026
10	588
10	1306
10	278
10	704
10	287
10	66
10	554
10	1246
10	0
10	2242
10	515
10	415
10	549
10	804
10	1166
10	1033
10	563
10	34
10	0
10	803
10	918
10	843
10	1112
10	321
10	950
10	566
10	201
10	377
10	0
10	2175
10	917
10	2648
10	703
10	481
10	485
10	226
10	1313
10	1152
10	906
10	308
10	388
10	0
10	141
10	229
10	318
10	428
10	837
10	270
10	825
10	189
10	804
10	1162
10	940
10	937
10	269
10	1002
10	1487
10	306
10	389
10	256
10	295
10	1064
10	1399
10	70
10	438
10	1161
10	342
10	483
10	209
10	582
10	645
10	1079
10	196
10	0
10	642
10	352
10	367
10	252
10	821
10	46
10	1445
10	122
10	551
10	690
10	676
10	1063
10	753
10	1093
10	397
10	630
10	612
10	409
10	900
10	1547
10	1330
10	394
10	46
10	412
10	159
10	396
10	264
10	400
10	520
10	452
10	670
10	0
10	270
10	799
10	0
10	958
10	146
10	0
10	823
10	661
10	417
10	668
10	230
10	908
10	485
10	888
10	314
10	536
10	267
10	635
10	3782
10	329
10	296
10	55
10	952
10	149
10	0
10	1722
10	562
10	808
10	0
10	368
10	39
10	541
10	918
10	752
10	861
10	250
10	796
10	480
10	633
10	331
10	434
10	0
10	0
10	1380
10	1556
10	1240
10	175
10	2392
10	1181
10	1051
10	754
10	1132
10	673
10	678
10	831
10	309
10	957
10	404
10	747
10	611
10	245
10	305
10	971
10	779
10	595
10	652
10	453
10	844
10	914
10	743
10	495
10	34
10	309
10	448
10	422
10	926
10	421
10	686
10	588
10	1604
10	291
10	429
10	469
10	299
10	858
10	428
10	0
10	436
10	451
10	201
10	541
10	348
10	274
10	895
10	664
10	0
10	45
10	0
10	0
10	349
10	224
10	468
10	667
10	802
10	556
10	879
10	981
10	180
10	777
10	753
10	670
10	572
10	851
10	658
10	318
10	232
10	519
10	1084
10	658
10	862
10	1127
10	498
10	1221
10	343
10	51
10	0
10	1147
10	638
10	1090
10	0
10	317
10	625
10	538
10	0
10	94
10	800
10	584
10	242
10	574
10	1322
10	591
10	445
10	599
10	850
10	855
10	699
10	1625
10	306
10	387
10	263
10	1037
10	0
10	992
10	1296
10	378
10	208
10	1117
10	0
10	740
10	683
10	881
10	561
10	196
10	250
10	544
10	616
10	202
10	1582
10	526
10	240
10	2144
10	1903
10	60
10	474
10	1897
10	1001
10	693
10	735
10	575
10	535
10	268
10	470
10	428
10	0
10	776
10	483
10	658
10	2392
10	800
10	0
10	430
10	1050
10	484
10	1275
10	855
10	666
10	647
10	422
10	1174
10	583
10	861
10	638
10	155
10	524
10	1238
10	585
10	38
10	1218
10	1516
10	856
10	889
10	1997
10	2080
10	1448
10	623
10	609
10	1140
10	323
10	626
10	607
10	506
10	335
10	280
10	1549
10	655
10	469
10	893
10	1100
10	1234
10	860
10	201
10	250
10	277
10	417
10	713
10	855
10	350
10	525
10	1089
10	75
10	1161
10	150
10	294
10	579
10	279
10	46
10	161
10	351
10	1665
10	653
10	1106
10	1250
10	155
10	815
10	1114
10	1797
10	1418
10	714
10	1336
10	0
10	38
10	188
10	803
10	847
10	969
10	608
10	1054
10	1101
10	0
10	1359
10	0
10	478
10	287
10	552
10	717
10	404
10	393
10	846
10	0
10	276
10	947
10	267
10	0
10	801
10	552
10	413
10	1033
10	613
10	763
10	512
10	674
10	228
10	331
10	830
10	281
10	1225
10	554
10	901
10	335
10	244
10	1270
10	1085
10	378
10	866
10	203
10	301
10	344
10	579
10	351
10	1075
10	1134
10	2688
10	885
10	375
10	614
10	1055
10	115
10	0
10	392
10	546
10	745
10	1554
10	257
10	314
10	141
10	797
10	320
10	0
10	482
10	1097
10	230
10	1406
10	318
10	647
10	730
10	1005
10	898
10	344
10	220
10	475
10	744
10	573
10	1698
10	196
10	1116
10	1149
10	443
10	456
10	470
10	935
10	863
10	196
10	1483
10	257
10	632
10	911
10	2419
10	477
10	210
10	536
10	677
10	670
10	137
10	780
10	404
10	1185
10	1074
10	243
10	218
10	1085
10	397
10	199
10	147
10	827
10	319
10	1155
10	405
10	0
10	209
10	658
10	600
10	452
10	483
10	399
10	50
10	280
10	783
10	242
10	1004
10	703
10	1625
10	489
10	905
10	964
10	574
10	215
10	481
10	156
10	902
10	960
10	1572
10	1867
10	51
10	674
10	727
10	1313
10	209
10	0
10	951
10	258
10	759
10	425
10	1147
10	359
10	191
10	653
10	321
10	292
10	279
10	344
10	958
10	0
10	542
10	732
10	1620
10	1568
10	421
10	275
10	1492
10	0
10	463
10	335
10	800
10	291
10	889
10	486
10	389
10	479
10	878
10	244
10	511
10	524
10	271
10	427
10	0
10	310
10	261
10	530
10	221
10	841
10	240
10	377
10	416
10	341
10	805
10	894
10	1014
10	271
10	1495
10	584
10	386
10	244
10	324
10	465
10	1018
10	470
10	1136
10	335
10	499
10	288
10	788
10	1686
10	224
10	43
10	412
10	340
10	266
10	0
10	65
10	212
10	315
10	257
10	689
10	1914
10	484
10	640
10	0
10	721
10	629
10	74
10	1007
10	1396
10	0
10	317
10	508
10	171
10	311
10	230
10	641
10	173
10	340
10	363
10	825
10	685
10	231
10	343
10	263
10	369
10	658
10	974
10	34
10	389
10	366
10	894
10	251
10	1158
10	315
10	246
10	341
10	550
10	84
10	1268
10	445
10	49
10	788
10	0
10	701
10	661
10	439
10	931
10	167
10	700
10	100
10	292
10	496
10	394
10	233
10	253
10	419
10	326
10	606
10	553
10	907
10	2002
10	983
10	1377
10	249
10	296
10	462
10	305
10	831
10	427
10	414
10	764
10	505
10	855
10	876
10	156
10	408
10	757
10	864
10	253
10	1587
10	804
10	829
10	694
10	177
10	580
10	1888
10	572
10	737
10	938
10	715
10	580
10	272
10	1635
10	442
10	1060
10	863
10	1665
10	360
10	657
10	706
10	282
10	866
10	753
10	774
10	332
10	723
10	184
10	171
10	1556
10	266
10	1085
10	919
10	32
10	312
10	531
10	63
10	51
10	0
10	0
10	568
10	439
10	0
10	350
10	300
10	44
10	487
10	750
10	259
10	222
10	1586
10	277
10	630
10	720
10	0
10	275
10	317
10	589
10	794
10	2217
10	1229
10	1041
10	599
10	614
10	371
10	355
10	1085
10	763
10	121
10	258
10	349
10	756
10	731
10	2096
10	0
10	795
10	433
10	800
10	206
10	502
10	451
10	333
10	207
10	183
10	1430
10	884
10	663
10	668
10	388
10	1066
10	993
10	574
10	729
10	195
10	340
10	1241
10	596
10	1774
10	1006
10	1152
10	1001
10	566
10	318
10	366
10	799
10	267
10	1857
10	497
10	1195
10	497
10	357
10	611
10	0
10	349
10	289
10	472
10	289
10	312
10	0
10	574
10	1204
10	1849
10	1366
10	542
10	349
10	573
10	828
10	190
10	1002
10	181
10	649
10	476
10	454
10	58
10	526
10	327
10	1611
10	303
10	0
10	330
10	54
10	2074
10	1443
10	353
10	423
10	129
10	461
10	994
10	311
10	581
10	269
10	678
10	542
10	322
10	493
10	405
10	450
10	467
10	448
10	1638
10	1076
10	617
10	510
10	711
10	523
10	891
10	278
10	1131
10	1184
10	947
10	176
10	564
10	833
10	0
10	1331
10	121
10	58
10	209
10	488
10	609
10	677
10	0
10	263
10	2004
10	272
10	671
10	598
10	26
10	1461
10	774
10	549
10	432
10	265
10	564
10	577
10	196
10	740
10	304
10	148
10	356
10	1050
10	1477
10	305
10	802
10	262
10	346
10	1031
10	0
10	327
10	761
10	0
10	0
10	321
10	1143
10	337
10	1879
10	312
10	0
10	664
10	992
10	317
10	751
10	1092
10	492
10	1712
10	1797
10	0
10	2191
10	564
10	560
10	274
10	645
10	733
10	629
10	428
10	204
10	507
10	1091
10	1563
10	0
10	485
10	0
10	646
10	274
10	1155
10	1296
10	545
10	1213
10	467
10	504
10	681
10	818
10	770
10	773
10	1094
10	1137
10	615
10	254
10	540
10	805
10	1818
10	398
10	276
10	1518
10	448
10	1466
10	678
10	625
10	947
10	181
10	331
10	714
10	235
10	0
10	1110
10	1048
10	479
10	0
10	227
10	36
10	355
10	611
10	993
10	728
10	575
10	240
10	287
10	2543
10	764
10	548
10	53
10	1102
10	764
10	807
10	1305
10	655
10	817
10	915
10	750
10	600
10	1091
10	1162
10	376
10	1910
10	1435
10	520
10	812
10	405
10	0
10	509
10	978
10	238
10	1024
10	193
10	1255
10	0
10	890
10	394
10	906
10	297
10	706
10	318
10	1818
10	874
10	946
10	1268
10	736
10	48
10	1327
10	752
10	0
10	684
10	209
10	795
10	1908
10	577
10	1082
10	889
10	663
10	370
10	2062
10	195
10	2611
10	427
10	0
10	668
10	1240
10	537
10	366
10	470
10	1795
10	582
10	0
10	451
10	886
10	0
10	540
10	608
10	767
10	621
10	58
10	1610
10	591
10	193
10	0
10	1489
10	450
10	1241
10	418
10	1819
10	402
10	335
10	234
10	1185
10	654
10	611
10	1032
10	616
10	483
10	479
10	246
10	264
10	422
10	0
10	809
10	312
10	270
10	292
10	487
10	29
10	897
10	349
10	584
10	1130
10	501
10	1507
10	990
10	848
10	928
10	1199
10	620
10	356
10	443
10	477
10	946
10	834
10	581
10	930
10	0
10	853
10	1624
10	556
10	894
10	114
10	228
10	857
10	602
10	436
10	908
10	478
10	34
10	440
10	297
10	285
10	1970
10	621
10	0
10	1666
10	1107
10	590
10	261
10	348
10	657
10	324
10	663
10	496
10	730
10	551
10	301
10	241
10	287
10	647
10	569
10	486
10	0
10	572
10	1211
10	701
10	607
10	273
10	40
10	791
10	528
10	779
10	935
10	631
10	692
10	467
10	267
10	1332
10	840
10	0
10	190
10	430
10	0
10	339
10	999
10	1492
10	655
10	935
10	175
10	440
10	258
10	2072
10	298
10	938
10	870
10	0
10	228
10	692
10	0
10	574
10	505
10	746
10	975
10	662
10	518
10	277
10	1111
10	0
10	635
10	399
10	326
10	893
10	228
10	794
10	1569
10	382
10	773
10	323
10	578
10	360
10	795
10	2111
10	430
10	225
10	0
10	1187
10	257
10	649
10	372
10	478
10	942
10	680
10	2280
10	445
10	217
10	2085
10	492
10	833
10	198
10	1615
10	288
10	808
10	849
10	550
10	1471
10	1130
10	429
10	53
10	798
10	558
10	511
10	930
10	1406
10	704
10	341
10	843
10	49
10	1050
10	742
10	202
10	216
10	307
10	44
10	394
10	335
10	789
10	292
10	939
10	34
10	185
10	2012
10	699
10	637
10	580
10	807
10	796
10	495
10	714
10	228
10	470
10	351
10	1297
10	778
10	359
10	391
10	0
10	732
10	0
10	448
10	621
10	818
10	948
10	695
10	806
10	296
10	130
10	1779
10	895
10	171
10	307
10	312
10	192
10	1321
10	533
10	655
10	1119
10	569
10	697
10	342
10	849
10	853
10	1583
10	370
10	251
10	357
10	211
10	1276
10	0
10	1356
10	1135
10	771
10	484
10	820
10	979
10	688
10	868
10	231
10	597
10	473
10	347
10	603
10	612
10	810
10	619
10	919
10	50
10	539
10	891
10	1404
10	565
10	699
10	620
10	545
10	498
10	609
10	1499
10	171
10	289
10	296
10	1025
10	1305
10	221
10	60
10	824
10	157
10	56
10	675
10	1301
10	73
10	231
10	1153
10	323
10	605
10	201
10	451
10	291
10	455
10	1712
10	267
10	1084
10	598
10	586
10	779
10	0
10	530
10	282
10	561
10	0
10	465
10	471
10	316
10	538
10	701
10	1088
10	249
10	167
10	1249
10	570
10	916
10	755
10	651
10	320
10	822
10	177
10	422
10	420
10	735
10	666
10	0
10	943
10	232
10	533
10	214
10	0
10	850
10	316
10	373
10	826
10	0
10	1531
10	524
10	560
10	489
10	454
10	558
10	723
10	457
10	51
10	1420
10	697
10	924
10	606
10	260
10	839
10	1407
10	379
10	0
10	598
10	329
10	961
10	373
10	0
10	1353
10	452
10	775
10	457
10	714
10	617
10	422
10	872
10	567
10	684
10	340
10	225
10	374
10	578
10	1102
10	1277
10	353
10	1064
10	261
10	507
10	1404
10	2411
10	52
10	0
10	610
10	369
10	166
10	0
10	512
10	900
10	625
10	515
10	605
10	691
10	628
10	988
10	382
10	376
10	961
10	480
10	1526
10	215
10	329
10	268
10	0
10	1215
10	843
10	2341
10	62
10	291
10	0
10	78
10	425
10	588
10	0
10	196
10	308
10	243
10	1068
10	461
10	549
10	260
10	688
10	482
10	193
10	917
10	356
10	661
10	641
10	0
10	240
10	236
10	476
10	666
10	617
10	176
10	327
10	0
10	855
10	717
10	275
10	2793
10	826
10	1512
10	64
10	197
10	102
10	1248
10	308
10	330
10	881
10	123
10	254
10	222
10	745
10	704
10	364
10	0
10	291
10	455
10	500
10	249
10	1273
10	858
10	230
10	700
10	389
10	2026
10	414
10	2361
10	501
10	419
10	402
10	193
10	551
10	486
10	539
10	660
10	1649
10	1783
10	1040
10	455
10	1589
10	750
10	246
10	503
10	676
10	277
10	388
10	0
10	0
10	982
10	165
10	378
10	846
10	655
10	543
10	0
10	499
10	602
10	929
10	593
10	790
10	344
10	295
10	439
10	0
10	358
10	309
10	415
10	791
10	569
10	562
10	1011
10	1300
10	183
10	1623
10	662
10	700
10	235
10	0
10	377
10	250
10	0
10	1293
10	446
10	1074
10	1059
10	763
10	0
10	563
10	72
10	657
10	722
10	203
10	629
10	1000
10	916
10	450
10	205
10	2264
10	867
10	1452
10	558
10	1166
10	843
10	796
10	751
10	1274
10	200
10	1225
10	466
10	1243
10	468
10	234
10	827
10	1909
10	1043
10	0
10	421
10	180
10	192
10	139
10	1941
10	673
10	466
10	695
10	672
10	0
10	53
10	692
10	1326
10	220
10	0
10	1108
10	0
10	220
10	200
10	0
10	210
10	503
10	2047
10	620
10	516
10	519
10	816
10	683
10	457
10	0
10	520
10	426
10	503
10	599
10	248
10	65
10	667
10	556
10	775
10	190
10	670
10	443
10	608
10	0
10	754
10	428
10	592
10	287
10	411
10	988
10	476
10	806
10	455
10	453
10	374
10	1484
10	661
10	564
10	502
10	0
10	376
10	1372
10	678
10	0
10	44
10	462
10	210
10	60
10	440
10	379
10	654
10	279
10	330
10	439
10	936
10	568
10	386
10	182
10	1124
10	47
10	1229
10	647
10	618
10	341
10	83
10	477
10	0
10	491
10	2204
10	2104
10	749
10	158
10	360
10	717
10	0
10	529
10	526
10	49
10	564
10	350
10	897
10	246
10	874
10	476
10	413
10	0
10	809
10	563
10	321
10	475
10	1415
10	480
10	1228
10	475
10	289
10	1511
10	334
10	519
10	155
10	509
10	650
10	793
10	868
10	546
10	578
10	715
10	1147
10	652
10	1018
10	1762
10	373
10	520
10	367
10	638
10	376
10	577
10	435
10	48
10	212
10	466
10	1313
10	279
10	671
10	524
10	627
10	253
10	742
10	517
10	922
10	357
10	555
10	339
10	604
10	1037
10	243
10	226
10	227
10	300
10	436
10	552
10	1431
10	626
10	751
10	474
10	343
10	435
10	850
10	684
10	2330
10	317
10	456
10	644
10	1162
10	352
10	500
10	614
10	443
10	1658
10	290
10	1464
10	399
10	212
10	327
10	1089
10	1446
10	442
10	681
10	1050
10	330
10	298
10	488
10	288
10	1476
10	240
10	340
10	451
10	779
10	276
10	415
10	54
10	981
10	1296
10	591
10	1373
10	365
10	615
10	933
10	512
10	479
10	432
10	351
10	346
10	1395
10	794
10	141
10	1153
10	870
10	268
10	639
10	203
10	420
10	386
10	379
10	383
10	227
10	721
10	0
10	714
10	630
10	495
10	846
10	0
10	1074
10	795
10	739
10	717
10	526
10	219
10	947
10	1221
10	0
10	294
10	367
10	277
10	0
10	0
10	315
10	206
10	0
10	538
10	904
10	128
10	1215
10	198
10	761
10	0
10	348
10	1301
10	652
10	1632
10	1632
10	63
10	1083
10	851
10	352
10	34
10	384
10	159
10	1235
10	651
10	897
10	770
10	1033
10	717
10	890
10	765
10	411
10	328
10	598
10	667
10	437
10	150
10	236
10	578
10	0
10	187
10	0
10	555
10	527
10	222
10	560
10	285
10	671
10	1561
10	177
10	319
10	387
10	594
10	269
10	405
10	344
10	58
10	572
10	52
10	368
10	1701
10	266
10	273
10	1238
10	996
10	246
10	352
10	0
10	505
10	441
10	1116
10	368
10	1722
10	583
10	664
10	568
10	614
10	0
10	638
10	606
10	703
10	1335
10	712
10	198
10	153
10	725
10	942
10	310
10	617
10	461
10	823
10	1275
10	0
10	236
10	449
10	534
10	461
10	206
10	0
10	2068
10	493
10	135
10	578
10	462
10	0
10	0
10	1362
10	671
10	356
10	280
10	357
10	682
10	293
10	1545
10	571
10	226
10	545
10	786
10	0
10	274
10	499
10	57
10	0
10	380
10	507
10	421
10	344
10	0
10	392
10	409
10	709
10	1743
10	821
10	1248
10	1199
10	1015
10	764
10	2075
10	930
10	147
10	673
10	218
10	293
10	442
10	51
10	250
10	800
10	226
10	646
10	521
10	43
10	492
10	304
10	345
10	324
10	744
10	412
10	0
10	871
10	444
10	359
10	678
10	544
10	517
10	605
10	483
10	0
10	1918
10	296
10	0
10	207
10	753
10	47
10	605
10	1432
10	380
10	289
10	426
10	482
10	697
10	0
10	0
10	348
10	467
10	231
10	789
10	681
10	406
10	1107
10	514
10	512
10	427
10	1055
10	1110
10	780
10	867
10	756
10	540
10	2587
10	208
10	288
10	958
10	0
10	497
10	2004
10	559
10	753
10	994
10	232
10	1158
10	153
10	700
10	206
10	1326
10	661
10	307
10	0
10	676
10	779
10	446
10	47
10	0
10	685
10	728
10	267
10	620
10	1455
10	446
10	209
10	0
10	989
10	890
10	157
10	0
10	642
10	541
10	391
10	280
10	486
10	1880
10	302
10	271
10	174
10	546
10	0
10	402
10	0
10	68
10	0
10	905
10	575
10	814
10	30
10	705
10	710
10	170
10	1130
10	0
10	197
10	448
10	542
10	208
10	652
10	803
10	1149
10	687
10	381
10	98
10	1111
10	1131
10	606
10	375
10	828
10	880
10	306
10	0
10	393
10	836
10	55
10	1145
10	301
10	70
10	176
10	421
10	678
10	852
10	755
10	1128
10	1173
10	1323
10	462
10	1596
10	357
10	648
10	272
10	316
10	810
10	1575
10	293
10	253
10	744
10	0
10	300
10	253
10	519
10	418
10	177
10	0
10	405
10	284
10	285
10	532
10	208
10	194
10	1174
10	824
10	307
10	363
10	1140
10	0
10	415
10	50
10	577
10	146
10	375
10	849
10	463
10	465
10	1183
10	174
10	454
10	1603
10	262
10	481
10	1781
10	766
10	1124
10	378
10	726
10	549
10	568
10	1023
10	716
10	63
10	449
10	1248
10	54
10	191
10	468
10	359
10	796
10	947
10	501
10	197
10	1286
10	419
10	337
10	715
10	111
10	551
10	1387
10	0
10	187
10	908
10	178
10	429
10	949
10	496
10	1335
10	72
10	619
10	378
10	417
10	380
10	537
10	1486
10	130
10	64
10	434
10	396
10	570
10	1658
10	0
10	392
10	1176
10	412
10	1959
10	948
10	570
10	39
10	2027
10	1534
10	267
10	686
10	302
10	622
10	707
10	289
10	842
10	1377
10	626
10	457
10	232
10	216
10	228
10	746
10	471
10	43
10	1244
10	1241
10	379
10	485
10	45
10	323
10	157
10	1430
10	961
10	80
10	49
10	1071
10	934
10	313
10	865
10	382
10	580
10	1323
10	579
10	189
10	1297
10	567
10	1037
10	0
10	176
10	667
10	61
10	1411
10	307
10	488
10	246
10	257
10	0
10	1913
10	910
10	416
10	1171
10	391
10	878
10	778
10	541
10	906
10	68
10	720
10	793
10	1028
10	406
10	883
10	242
10	2760
10	1379
10	208
10	580
10	1495
10	888
10	0
10	0
10	2190
10	935
10	621
10	744
10	985
10	294
10	218
10	254
10	66
10	464
10	721
10	41
10	0
10	0
10	47
10	606
10	920
10	226
10	1071
10	459
10	318
10	890
10	775
10	321
10	412
10	186
10	730
10	226
10	341
10	0
10	804
10	571
10	543
10	725
10	340
10	177
10	377
10	776
10	399
10	629
10	356
10	858
10	1645
10	520
10	433
10	709
10	634
10	485
10	1535
10	798
10	583
10	154
10	205
10	489
10	351
10	994
10	57
10	917
10	0
10	248
10	0
10	532
10	399
10	0
10	233
10	2337
10	2021
10	403
10	1328
10	0
10	419
10	3229
10	260
10	1036
10	348
10	1023
10	375
10	622
10	465
10	842
10	1113
10	399
10	336
10	418
10	0
10	312
10	851
10	0
10	323
10	693
10	474
10	246
10	671
10	802
10	60
10	0
10	838
10	366
10	1356
10	129
10	431
10	297
10	565
10	373
10	276
10	760
10	0
10	831
10	235
10	332
10	741
10	516
10	908
10	496
10	269
10	411
10	1388
10	488
10	747
10	272
10	1084
10	502
10	596
10	927
10	515
10	191
10	836
10	3694
10	1179
10	804
10	665
10	640
10	171
10	1399
10	1635
10	1218
10	564
10	57
10	0
10	324
10	410
10	0
10	465
10	845
10	1011
10	49
10	341
10	371
10	0
10	0
10	1386
10	1103
10	515
10	904
10	331
10	738
10	326
10	941
10	1280
10	410
10	170
10	590
10	295
10	1611
10	598
10	414
10	190
10	654
10	382
10	900
10	246
10	939
10	521
10	588
10	324
10	752
10	320
10	403
10	0
10	445
10	683
10	1016
10	48
10	1275
10	543
10	891
10	901
10	673
10	554
10	406
10	1891
10	266
10	295
10	340
10	0
10	528
10	990
10	0
10	2610
10	1086
10	741
10	741
10	539
10	257
10	434
10	427
10	582
10	691
10	0
10	1001
10	1455
10	1783
10	1366
10	845
10	1200
10	796
10	366
10	377
10	755
10	1320
10	199
10	650
10	382
10	652
10	1239
10	671
10	368
10	485
10	705
10	39
10	764
10	297
10	572
10	1033
10	1006
10	855
10	0
10	652
10	315
10	1294
10	287
10	110
10	701
10	625
10	342
10	0
10	431
10	643
10	324
10	237
10	339
10	1571
10	230
10	498
10	514
10	995
10	524
10	476
10	793
10	158
10	302
10	450
10	1681
10	843
10	489
10	70
10	1188
10	1301
10	576
10	447
10	306
10	329
10	69
10	0
10	165
10	207
10	819
10	266
10	1155
10	262
10	660
10	1246
10	193
10	182
10	365
10	334
10	226
10	370
10	218
10	504
10	484
10	396
10	59
10	766
10	45
10	752
10	336
10	1093
10	1412
10	996
10	341
10	203
10	705
10	1167
10	344
10	312
10	474
10	153
10	0
10	527
10	54
10	59
10	346
10	0
10	720
10	315
10	799
10	436
10	0
10	831
10	896
10	371
10	231
10	220
10	0
10	427
10	795
10	1173
10	697
10	291
10	228
10	1101
10	225
10	500
10	1818
10	397
10	840
10	292
10	665
10	976
10	423
10	290
10	0
10	215
10	72
10	831
10	977
10	442
10	667
10	773
10	435
10	736
10	1417
10	416
10	191
10	1103
10	588
10	1437
10	570
10	296
10	934
10	244
10	641
10	0
10	361
10	550
10	556
10	439
10	455
10	469
10	356
10	452
10	405
10	1161
10	238
10	203
10	972
10	739
10	1660
10	351
10	0
10	297
10	157
10	524
10	34
10	720
10	755
10	333
10	838
10	1256
10	424
10	533
10	614
10	312
10	61
10	185
10	601
10	370
10	1250
10	246
10	186
10	329
10	202
10	1425
10	1342
10	515
10	1675
10	1352
10	417
10	392
10	587
10	0
10	548
10	1173
10	601
10	0
10	2951
10	563
10	281
10	314
10	694
10	516
10	307
10	274
10	0
10	295
10	563
10	1080
10	1093
10	875
10	0
10	1570
10	1292
10	2050
10	475
10	1240
10	449
10	415
10	284
10	0
10	865
10	1197
10	482
10	2414
10	1007
10	623
10	226
10	0
10	34
10	460
10	958
10	267
10	219
10	200
10	807
10	486
10	228
10	249
10	303
10	288
10	242
10	239
10	969
10	393
10	413
10	1101
10	785
10	510
10	802
10	537
10	351
10	591
10	64
10	601
10	370
10	943
10	394
10	568
10	356
10	228
10	943
10	554
10	721
10	242
10	719
10	727
10	1258
10	320
10	622
10	412
10	74
10	1456
10	605
10	0
10	884
10	974
10	326
10	2086
10	0
10	918
10	286
10	0
10	826
10	854
10	255
10	0
10	320
10	413
10	827
10	809
10	796
10	177
10	926
10	242
10	774
10	575
10	177
10	740
10	809
10	195
10	576
10	2264
10	0
10	0
10	0
10	699
10	176
10	217
10	1266
10	388
10	372
10	132
10	563
10	49
10	1409
10	365
10	849
10	571
10	974
10	1200
10	873
10	858
10	26
10	905
10	610
10	488
10	1385
10	855
10	666
10	672
10	111
10	1063
10	1833
10	435
10	226
10	378
10	914
10	488
10	432
10	347
10	218
10	202
10	254
10	203
10	164
10	793
10	443
10	405
10	0
10	1324
10	902
10	567
10	0
10	430
10	658
10	0
10	620
10	1110
10	396
10	465
10	765
10	45
10	312
10	719
10	412
10	286
10	788
10	462
10	468
10	1078
10	0
10	846
10	301
10	145
10	591
10	669
10	195
10	214
10	143
10	304
10	340
10	165
10	150
10	0
10	486
10	548
10	59
10	1220
10	460
10	667
10	789
10	368
10	535
10	230
10	1343
10	0
10	675
10	738
10	212
10	143
10	1439
10	625
10	1137
10	262
10	163
10	1091
10	487
10	2619
10	1210
10	409
10	782
10	963
10	55
10	556
10	195
10	1829
10	478
10	0
10	0
10	1220
10	635
10	910
10	551
10	1091
10	257
10	345
10	320
10	1279
10	365
10	540
10	1081
10	1570
10	1058
10	682
10	678
10	1029
10	499
10	362
10	1001
10	952
10	1086
10	1096
10	1164
10	805
10	1447
10	744
10	572
10	767
10	507
10	192
10	0
10	566
10	376
10	572
10	381
10	96
10	1039
10	383
10	400
10	781
10	170
10	701
10	614
10	826
10	309
10	899
10	435
10	1389
10	771
10	391
10	464
10	425
10	1223
10	361
10	314
10	0
10	843
10	283
10	2018
10	275
10	345
10	288
10	914
10	337
10	0
10	911
10	435
10	437
10	183
10	308
10	205
10	289
10	744
10	410
10	1076
10	507
10	873
10	316
10	746
10	196
10	609
10	290
10	0
10	1582
10	575
10	451
10	309
10	254
10	1997
10	402
10	1226
10	147
10	0
10	440
10	1605
10	0
10	436
10	1553
10	286
10	846
10	602
10	274
10	1389
10	504
10	304
10	1050
10	623
10	847
10	690
10	717
10	977
10	979
10	2169
10	1088
10	727
10	640
10	1078
10	0
10	416
10	833
10	1134
10	727
10	56
10	858
10	350
10	1000
10	1059
10	727
10	540
10	293
10	1778
10	337
10	511
10	157
10	413
10	182
10	417
10	721
10	349
10	187
10	881
10	468
10	423
10	242
10	684
10	532
10	522
10	269
10	731
10	720
10	272
10	253
10	516
10	604
10	1538
10	533
10	0
10	1838
10	0
10	0
10	531
10	239
10	558
10	1094
10	1205
10	760
10	652
10	460
10	603
10	1860
10	363
10	1280
10	632
10	0
10	981
10	348
10	76
10	452
10	684
10	303
10	744
10	700
10	994
10	1443
10	606
10	1131
10	985
10	499
10	402
10	438
10	29
10	534
10	1354
10	947
10	586
10	567
10	222
10	251
10	344
10	882
10	657
10	448
10	685
10	639
10	1290
10	781
10	590
10	901
10	327
10	41
10	578
10	932
10	716
10	1789
10	738
10	902
10	450
10	740
10	1130
10	124
10	53
10	594
10	59
10	711
10	452
10	0
10	2189
10	478
10	475
10	672
10	427
10	646
10	526
10	222
10	211
10	234
10	234
10	1014
10	291
10	1266
10	1576
10	326
10	114
10	0
10	317
10	0
10	461
10	581
10	787
10	608
10	150
10	793
10	420
10	314
10	122
10	209
10	340
10	744
10	632
10	252
10	187
10	1447
10	261
10	934
10	487
10	287
10	597
10	443
10	749
10	718
10	466
10	469
10	616
10	766
10	1909
10	220
10	330
10	874
10	625
10	662
10	733
10	924
10	1382
10	819
10	391
10	1227
10	129
10	929
10	820
10	336
10	227
10	255
10	356
10	315
10	0
10	336
10	776
10	370
10	1790
10	416
10	908
10	637
10	945
10	381
10	0
10	557
10	435
10	531
10	1109
10	260
10	1839
10	290
10	299
10	1042
10	195
10	381
10	248
10	1929
10	0
10	742
10	771
10	1235
10	357
10	645
10	533
10	1235
10	1086
10	608
10	1414
10	2738
10	334
10	1504
10	2040
10	0
10	1188
10	343
10	1177
10	287
10	293
10	472
10	590
10	420
10	454
10	382
10	649
10	805
10	118
10	958
10	308
10	463
10	459
10	1994
10	958
10	901
10	414
10	568
10	524
10	725
10	800
10	898
10	673
10	412
10	1163
10	724
10	223
10	864
10	517
10	820
10	1096
10	878
10	423
10	352
10	40
10	565
10	469
10	567
10	325
10	424
10	769
10	982
10	569
10	468
10	473
10	200
10	767
10	0
10	492
10	799
10	749
10	376
10	0
10	396
10	351
10	1542
10	438
10	413
10	1274
10	255
10	702
10	453
10	767
10	387
10	676
10	1567
10	1424
10	1370
10	982
10	2075
10	1051
10	364
10	229
10	1035
10	105
10	991
10	0
10	0
10	1157
10	294
10	819
10	142
10	430
10	214
10	302
10	369
10	351
10	403
10	1230
10	913
10	836
10	833
10	1246
10	1457
10	300
10	422
10	0
10	2002
10	348
10	225
10	469
10	623
10	1124
10	233
10	250
10	436
10	414
10	227
10	62
10	250
10	1232
10	252
10	771
10	333
10	1011
10	423
10	818
10	356
10	0
10	230
10	564
10	660
10	2017
10	870
10	91
10	609
10	148
10	445
10	1368
10	236
10	1021
10	91
10	201
10	539
10	270
10	669
10	339
10	273
10	844
10	335
10	415
10	465
10	548
10	0
10	331
10	56
10	113
10	64
10	274
10	531
10	1318
10	308
10	392
10	204
10	606
10	1441
10	772
10	530
10	167
10	714
10	831
10	273
10	279
10	871
10	3422
10	384
10	777
10	319
10	41
10	220
10	924
10	0
10	417
10	1057
10	586
10	1604
10	659
10	910
10	2168
10	999
10	1296
10	63
10	978
10	408
10	704
10	32
10	411
10	819
10	205
10	1229
10	231
10	226
10	268
10	358
10	533
10	601
10	634
10	1493
10	769
10	288
10	572
10	841
10	410
10	447
10	367
10	279
10	147
10	398
10	656
10	1128
10	770
10	476
10	347
10	577
10	697
10	928
10	1158
10	3239
10	841
10	793
10	652
10	339
10	433
10	576
10	582
10	539
10	350
10	450
10	836
10	477
10	2255
10	2207
10	896
10	0
10	0
10	954
10	623
10	207
10	386
10	360
10	1228
10	235
10	545
10	1879
10	198
10	493
10	789
10	515
10	236
10	351
10	192
10	627
10	299
10	381
10	712
10	1041
10	418
10	0
10	946
10	520
10	613
10	168
10	620
10	434
10	472
10	190
10	1619
10	290
10	663
10	63
10	0
10	472
10	678
10	1594
10	603
10	583
10	482
10	359
10	706
10	867
10	1366
10	280
10	918
10	235
10	256
10	547
10	1702
10	758
10	761
10	390
10	1855
10	242
10	751
10	470
10	1669
10	1272
10	532
10	106
10	1081
10	291
10	189
10	180
10	978
10	1640
10	284
10	1029
10	1085
10	1506
10	1040
10	706
10	589
10	156
10	535
10	1143
10	599
10	666
10	1483
10	0
10	538
10	1106
10	257
10	1004
10	595
10	593
10	408
10	406
10	402
10	356
10	416
10	0
10	325
10	896
10	685
10	372
10	860
10	0
10	493
10	0
10	881
10	900
10	775
10	467
10	494
10	947
10	771
10	1611
10	965
10	921
10	591
10	196
10	0
10	931
10	1621
10	602
10	0
10	189
10	375
10	1575
10	235
10	1283
10	413
10	602
10	147
10	0
10	338
10	175
10	1365
10	314
10	282
10	734
10	0
10	328
10	232
10	0
10	1104
10	367
10	353
10	274
10	800
10	580
10	261
10	387
10	554
10	358
10	530
10	595
10	740
10	547
10	645
10	703
10	299
10	471
10	1584
10	825
10	0
10	306
10	366
10	267
10	371
10	848
10	685
10	678
10	178
10	476
10	445
10	843
10	362
10	0
10	646
10	785
10	2139
10	463
10	666
10	840
10	490
10	293
10	722
10	1813
10	604
10	538
10	263
10	669
10	530
10	1001
10	374
10	541
10	513
10	212
10	363
10	144
10	875
10	604
10	2762
10	615
10	1194
10	199
10	1137
10	650
10	632
10	335
10	0
10	927
10	0
10	375
10	1263
10	1931
10	577
10	232
10	393
10	140
10	1075
10	1011
10	1192
10	483
10	1388
10	832
10	1369
10	579
10	528
10	899
10	371
10	214
10	0
10	0
10	724
10	191
10	487
10	1400
10	230
10	0
10	236
10	557
10	1043
10	0
10	306
10	607
10	260
10	448
10	1122
10	609
10	216
10	832
10	1219
10	606
10	1035
10	324
10	61
10	783
10	594
10	0
10	270
10	678
10	30
10	361
10	1073
10	0
10	336
10	0
10	641
10	59
10	757
10	224
10	1833
10	415
10	771
10	57
10	679
10	258
10	1738
10	1187
10	601
10	421
10	587
10	1796
10	254
10	399
10	620
10	372
10	0
10	1369
10	718
10	830
10	602
10	336
10	1658
10	631
10	1533
10	570
10	366
10	334
10	275
10	886
10	412
10	622
10	327
10	351
10	435
10	753
10	441
10	769
10	582
10	373
10	706
10	464
10	349
10	366
10	65
10	326
10	358
10	315
10	954
10	310
10	399
10	1327
10	1070
10	326
10	922
10	1143
10	212
10	1954
10	0
10	0
10	1350
10	712
10	516
10	719
10	326
10	650
10	1178
10	363
10	454
10	163
10	1211
10	513
10	268
10	1105
10	350
10	1287
10	580
10	387
10	716
10	442
10	885
10	0
10	1337
10	1161
10	254
10	368
10	479
10	438
10	1725
10	319
10	0
10	656
10	370
10	1486
10	222
10	1209
10	181
10	398
10	1234
10	512
10	550
10	297
10	0
10	771
10	0
10	2141
10	54
10	1273
10	631
10	1039
10	0
10	207
10	0
10	0
10	1009
10	414
10	0
10	516
10	567
10	493
10	447
10	0
10	632
10	439
10	253
10	702
10	344
10	225
10	507
10	237
10	334
10	0
10	1086
10	1962
10	1035
10	199
10	678
10	0
10	947
10	270
10	1520
10	906
10	378
10	275
10	646
10	285
10	230
10	190
10	462
10	1418
10	1095
10	1154
10	1302
10	683
10	571
10	628
10	1097
10	1126
10	591
10	366
10	372
10	731
10	672
10	1112
10	499
10	0
10	1303
10	0
10	1242
10	586
10	309
10	330
10	280
10	0
10	61
10	690
10	869
10	922
10	505
10	46
10	1169
10	445
10	215
10	192
10	877
10	899
10	1679
10	465
10	418
10	340
10	374
10	1968
10	226
10	750
10	906
10	190
10	452
10	469
10	267
10	327
10	958
10	33
10	1302
10	628
10	635
10	98
10	0
10	573
10	314
10	1183
10	764
10	276
10	682
10	258
10	717
10	637
10	236
10	703
10	38
10	991
10	383
10	550
10	767
10	226
10	1195
10	574
10	1447
10	415
10	2127
10	455
10	1174
10	95
10	1283
10	456
10	425
10	54
10	1652
10	0
10	489
10	195
10	522
10	60
10	200
10	2472
10	363
10	62
10	402
10	249
10	215
10	342
10	0
10	470
10	39
10	1191
10	297
10	650
10	224
10	242
10	372
10	829
10	484
10	586
10	565
10	436
10	246
10	890
10	1043
10	1790
10	317
10	385
10	1399
10	1373
10	217
10	580
10	317
10	237
10	1007
10	233
10	166
10	1308
10	756
10	327
10	438
10	761
10	34
10	508
10	446
10	331
10	656
10	330
10	812
10	803
10	468
10	623
10	282
10	44
10	477
10	402
10	620
10	1738
10	175
10	927
10	2033
10	460
10	567
10	285
10	416
10	396
10	2134
10	320
10	0
10	451
10	927
10	1093
10	959
10	303
10	663
10	523
10	489
10	341
10	452
10	165
10	936
10	334
10	494
10	211
10	291
10	535
10	380
10	649
10	0
10	216
10	235
10	651
10	303
10	462
10	0
10	169
10	608
10	62
10	256
10	1609
10	249
10	0
10	1251
10	2059
10	624
10	801
10	747
10	1107
10	325
10	545
10	511
10	0
10	0
10	774
10	571
10	1492
10	782
10	278
10	145
10	151
10	776
10	350
10	924
10	693
10	444
10	1316
10	1404
10	0
10	0
10	273
10	397
10	1049
10	1213
10	744
10	429
10	2081
10	222
10	278
10	305
10	417
10	694
10	789
10	59
10	0
10	158
10	571
10	216
10	1078
10	319
10	54
10	519
10	393
10	246
10	2022
10	562
10	468
10	582
10	163
10	763
10	467
10	209
10	174
10	561
10	681
10	415
10	236
10	245
10	1852
10	393
10	1108
10	214
10	841
10	375
10	630
10	293
10	537
10	178
10	1242
10	1033
10	378
10	338
10	429
10	584
10	401
10	258
10	1587
10	339
10	333
10	1729
10	397
10	995
10	1293
10	480
10	57
10	817
10	311
10	332
10	589
10	0
10	773
10	682
10	1211
10	2047
10	2271
10	400
10	366
10	209
10	469
10	1406
10	872
10	883
10	372
10	883
10	428
10	377
10	335
10	870
10	793
10	471
10	198
10	787
10	1422
10	584
10	1046
10	422
10	388
10	138
10	45
10	196
10	300
10	246
10	401
10	729
10	166
10	331
10	131
10	269
10	597
10	0
10	576
10	317
10	0
10	0
10	41
10	165
10	1694
10	494
10	485
10	952
10	233
10	920
10	753
10	205
10	899
10	446
10	0
10	588
10	771
10	259
10	650
10	50
10	537
10	542
10	169
10	372
10	472
10	153
10	805
10	134
10	1003
10	1092
10	750
10	173
10	768
10	671
10	421
10	1327
10	393
10	506
10	0
10	317
10	869
10	560
10	1233
10	511
10	1688
10	300
10	522
10	424
10	442
10	46
10	549
10	236
10	716
10	373
10	801
10	463
10	0
10	759
10	0
10	1356
10	1584
10	295
10	440
10	561
10	357
10	450
10	465
10	1768
10	558
10	0
10	1951
10	470
10	683
10	875
10	434
10	682
10	751
10	452
10	2135
10	364
10	579
10	405
10	557
10	1569
10	145
10	703
10	0
10	1632
10	291
10	388
10	531
10	1940
10	160
10	868
10	525
10	1071
10	316
10	329
10	821
10	484
10	270
10	305
10	164
10	196
10	638
10	774
10	812
10	632
10	221
10	310
10	302
10	0
10	309
10	322
10	0
10	1289
10	1552
10	114
10	765
10	289
10	395
10	580
10	2239
10	458
10	1164
10	192
10	555
10	1365
10	0
10	555
10	278
10	346
10	487
10	753
10	303
10	804
10	1329
10	651
10	634
10	443
10	2093
10	325
10	1216
10	230
10	541
10	728
10	926
10	281
10	0
10	1508
10	323
10	453
10	542
10	0
10	503
10	1553
10	1381
10	278
10	668
10	744
10	326
10	0
10	860
10	735
10	383
10	1675
10	422
10	457
10	944
10	499
10	339
10	346
10	560
10	1792
10	766
10	630
10	928
10	593
10	1788
10	0
10	577
10	482
10	1204
10	656
10	1086
10	463
10	743
10	596
10	0
10	199
10	467
10	1496
10	473
10	407
10	1411
10	461
10	1235
10	363
10	1250
10	972
10	690
10	761
10	380
10	914
10	343
10	567
10	186
10	776
10	365
10	600
10	1285
10	223
10	1532
10	673
10	483
10	361
10	1075
10	979
10	401
10	726
10	0
10	2013
10	420
10	607
10	770
10	98
10	1275
10	0
10	161
10	639
10	581
10	445
10	329
10	755
10	812
10	1466
10	860
10	714
10	526
10	1595
10	323
10	221
10	673
10	414
10	175
10	0
10	0
10	318
10	501
10	660
10	190
10	1185
10	589
10	251
10	763
10	930
10	338
10	400
10	944
10	1051
10	0
10	509
10	1051
10	1421
10	501
10	1408
10	2536
10	310
10	233
10	0
10	712
10	0
10	574
10	345
10	0
10	653
10	306
10	212
10	395
10	470
10	615
10	1112
10	204
10	381
10	752
10	551
10	216
10	0
10	558
10	460
10	1467
10	995
10	1370
10	674
10	603
10	222
10	800
10	822
10	0
10	424
10	1355
10	315
10	288
10	306
10	71
10	238
10	0
10	328
10	526
10	0
10	343
10	356
10	722
10	495
10	422
10	49
10	0
10	1276
10	440
10	34
10	445
10	520
10	211
10	505
10	1095
10	416
10	480
10	755
10	997
10	656
10	963
10	920
10	410
10	768
10	455
10	665
10	0
10	426
10	770
10	329
10	35
10	245
10	770
10	199
10	230
10	403
10	1339
10	622
10	1243
10	1375
10	250
10	375
10	570
10	183
10	733
10	0
10	1597
10	335
10	1139
10	256
10	629
10	502
10	565
10	1189
10	1068
10	303
10	58
10	603
10	0
10	469
10	45
10	801
10	213
10	369
10	343
10	927
10	376
10	1795
10	377
10	0
10	332
10	926
10	1054
10	211
10	551
10	941
10	565
10	861
10	145
10	779
10	367
10	603
10	218
10	400
10	177
10	741
10	1092
10	0
10	512
10	599
10	459
10	796
10	949
10	860
10	579
10	392
10	988
10	1136
10	65
10	465
10	431
10	850
10	0
10	1176
10	349
10	387
10	262
10	714
10	1859
10	1374
10	262
10	107
10	574
10	382
10	419
10	616
10	926
10	281
10	542
10	318
10	726
10	863
10	300
10	959
10	780
10	315
10	0
10	1184
10	471
10	973
10	2406
10	0
10	764
10	1016
10	377
10	657
10	287
10	1261
10	768
10	747
10	350
10	405
10	883
10	249
10	0
10	620
10	280
10	0
10	245
10	405
10	698
10	566
10	1405
10	0
10	88
10	1035
10	795
10	1009
10	268
10	0
10	0
10	537
10	689
10	1349
10	410
10	1323
10	1012
10	575
10	291
10	0
10	65
10	619
10	1361
10	608
10	565
10	227
10	179
10	34
10	321
10	387
10	0
10	211
10	590
10	64
10	216
10	2051
10	224
10	0
10	559
10	265
10	717
10	455
10	0
10	820
10	421
10	1039
10	506
10	851
10	426
10	563
10	2178
10	485
10	526
10	794
10	267
10	345
10	195
10	0
10	199
10	1224
10	773
10	424
10	422
10	718
10	468
10	0
10	435
10	630
10	1062
10	728
10	991
10	408
10	1512
10	0
10	0
10	120
10	603
10	774
10	818
10	0
10	446
10	619
10	475
10	280
10	765
10	1014
10	0
10	393
10	522
10	1345
10	628
10	319
10	0
10	413
10	1678
10	764
10	0
